{"version":1,"index":0,"parentId":"F7632E4B-42C9-4254-AE23-9E035FA0AC8D","color":{"r":0.97647058823529409,"b":0.42352941176470588,"g":0.10196078431372549,"a":1}}